               epoch,      train/box_loss,      train/obj_loss,      train/cls_loss,   metrics/precision,      metrics/recall,     metrics/mAP_0.5,metrics/mAP_0.5:0.95,        val/box_loss,        val/obj_loss,        val/cls_loss,               x/lr0,               x/lr1,               x/lr2
                   0,             0.11485,            0.026708,                   0,           0.0015485,              0.2963,           0.0030281,          0.00080482,             0.10319,            0.018501,                   0,              0.0946,              0.0006,              0.0006
                   1,             0.10644,            0.024505,                   0,           0.0013682,             0.25926,           0.0034124,          0.00087029,            0.099666,            0.016378,                   0,            0.088296,           0.0012957,           0.0012957
                   2,            0.099011,            0.022061,                   0,           0.0053631,              0.2963,            0.018479,           0.0061063,            0.094621,            0.014992,                   0,            0.081987,           0.0019868,           0.0019868
                   3,            0.088345,             0.02209,                   0,            0.017169,             0.25926,            0.018826,             0.00461,            0.092861,            0.013662,                   0,            0.075673,           0.0026733,           0.0026733
                   4,            0.083421,            0.021351,                   0,            0.016019,             0.18519,            0.022117,           0.0055484,            0.082075,            0.013336,                   0,            0.069355,           0.0033551,           0.0033551
                   5,            0.075837,            0.019177,                   0,             0.11709,             0.25926,            0.079648,            0.025762,            0.075935,            0.012913,                   0,            0.063032,           0.0040324,           0.0040324
                   6,            0.072634,             0.02126,                   0,             0.18808,              0.2405,              0.0881,            0.023339,            0.067472,            0.012783,                   0,            0.056705,            0.004705,            0.004705
                   7,            0.071748,            0.020132,                   0,            0.018493,             0.33333,            0.077063,            0.023279,            0.064933,            0.012272,                   0,            0.050373,           0.0053729,           0.0053729
                   8,            0.065928,            0.019134,                   0,            0.027799,             0.74074,             0.06411,            0.018058,            0.064568,            0.011642,                   0,            0.044036,           0.0060363,           0.0060363
                   9,            0.064159,            0.021622,                   0,            0.043281,              0.7037,             0.14969,            0.043143,            0.063738,            0.011292,                   0,            0.037695,           0.0066951,           0.0066951
                  10,            0.053111,            0.017438,                   0,            0.027848,             0.77778,             0.17866,            0.027067,            0.070474,            0.010523,                   0,            0.031349,           0.0073492,           0.0073492
                  11,            0.059844,             0.02114,                   0,             0.52795,             0.14815,             0.32172,             0.11803,             0.05658,             0.01158,                   0,            0.024999,           0.0079987,           0.0079987
                  12,            0.055642,            0.019622,                   0,             0.58376,              0.1051,             0.35415,             0.13506,             0.05489,            0.011793,                   0,            0.018644,           0.0086436,           0.0086436
                  13,            0.057402,            0.019003,                   0,                   1,             0.13311,             0.23226,             0.10264,            0.066089,             0.01067,                   0,            0.012284,           0.0092839,           0.0092839
                  14,            0.055528,            0.016429,                   0,             0.49748,             0.14815,             0.22772,            0.083928,            0.064046,            0.010773,                   0,            0.009538,            0.009538,            0.009538
                  15,            0.057154,            0.022993,                   0,             0.99277,             0.22222,             0.36722,             0.13398,            0.060192,            0.010773,                   0,            0.009538,            0.009538,            0.009538
                  16,            0.051063,            0.016184,                   0,             0.82136,             0.25926,             0.30342,             0.17676,            0.062807,            0.010372,                   0,            0.009505,            0.009505,            0.009505
                  17,            0.049803,            0.019765,                   0,             0.57057,             0.25926,             0.36051,             0.15903,            0.059671,            0.010542,                   0,            0.009472,            0.009472,            0.009472
                  18,            0.053159,            0.017476,                   0,             0.48473,             0.25926,             0.39415,             0.15703,            0.055214,            0.010807,                   0,            0.009439,            0.009439,            0.009439
                  19,            0.045029,            0.018228,                   0,             0.66053,              0.2888,             0.49393,             0.15211,            0.051702,            0.010603,                   0,            0.009406,            0.009406,            0.009406
                  20,            0.043597,            0.016327,                   0,             0.75083,              0.2963,             0.47335,             0.18292,            0.051313,            0.010462,                   0,            0.009373,            0.009373,            0.009373
                  21,            0.045259,            0.021277,                   0,             0.83314,             0.33333,             0.59126,             0.27092,            0.047327,            0.010149,                   0,             0.00934,             0.00934,             0.00934
                  22,            0.039336,            0.014772,                   0,             0.65915,             0.40741,             0.66971,             0.31864,            0.053254,           0.0094738,                   0,            0.009307,            0.009307,            0.009307
                  23,            0.048511,            0.016684,                   0,             0.94005,             0.58125,             0.79762,              0.3964,            0.041182,           0.0098705,                   0,            0.009274,            0.009274,            0.009274
                  24,            0.042219,            0.015882,                   0,             0.63624,             0.48148,             0.62499,             0.18001,            0.052941,           0.0091724,                   0,            0.009241,            0.009241,            0.009241
                  25,             0.04593,            0.017643,                   0,             0.68671,             0.51852,             0.75889,              0.4054,            0.038239,           0.0098362,                   0,            0.009208,            0.009208,            0.009208
                  26,            0.042621,            0.016687,                   0,             0.80158,             0.59259,             0.77302,             0.33807,            0.044427,           0.0090733,                   0,            0.009175,            0.009175,            0.009175
                  27,            0.041678,            0.015046,                   0,             0.74042,             0.66667,             0.75567,             0.33769,            0.042078,              0.0091,                   0,            0.009142,            0.009142,            0.009142
                  28,            0.035713,            0.014434,                   0,             0.88795,             0.58727,             0.79595,             0.46842,            0.037916,           0.0091877,                   0,            0.009109,            0.009109,            0.009109
                  29,            0.035069,            0.016657,                   0,             0.81352,              0.6467,             0.78439,             0.28961,            0.044445,           0.0081167,                   0,            0.009076,            0.009076,            0.009076
                  30,            0.038529,            0.016596,                   0,             0.83762,             0.55556,             0.75553,             0.38496,            0.040281,           0.0082703,                   0,            0.009043,            0.009043,            0.009043
                  31,            0.039546,            0.014125,                   0,             0.69466,             0.67431,             0.77526,             0.40348,            0.036027,           0.0081902,                   0,             0.00901,             0.00901,             0.00901
                  32,            0.037611,               0.016,                   0,             0.95255,             0.74368,             0.89324,             0.49538,            0.039558,           0.0077763,                   0,            0.008977,            0.008977,            0.008977
                  33,            0.032378,             0.01183,                   0,             0.60624,             0.77778,             0.77516,             0.45516,            0.043068,           0.0073195,                   0,            0.008944,            0.008944,            0.008944
                  34,            0.037585,            0.015957,                   0,             0.79111,             0.74074,             0.87235,             0.48291,            0.037523,           0.0073662,                   0,            0.008911,            0.008911,            0.008911
                  35,            0.034488,            0.014786,                   0,             0.61402,             0.81481,             0.76608,             0.46634,            0.038312,           0.0071373,                   0,            0.008878,            0.008878,            0.008878
                  36,            0.034647,            0.013886,                   0,             0.87587,             0.85185,             0.90176,             0.42263,            0.039165,           0.0068197,                   0,            0.008845,            0.008845,            0.008845
                  37,             0.03338,             0.01259,                   0,             0.89934,             0.77778,             0.90674,             0.46029,            0.036803,            0.006691,                   0,            0.008812,            0.008812,            0.008812
                  38,            0.036693,            0.015605,                   0,             0.96733,             0.77778,             0.92958,             0.52177,            0.036941,           0.0064144,                   0,            0.008779,            0.008779,            0.008779
                  39,            0.038043,             0.01172,                   0,             0.88967,             0.89621,             0.95759,              0.5683,            0.035466,           0.0061255,                   0,            0.008746,            0.008746,            0.008746
                  40,            0.031806,           0.0086687,                   0,             0.69379,             0.77778,             0.79057,             0.41529,            0.038865,           0.0061045,                   0,            0.008713,            0.008713,            0.008713
                  41,            0.029941,            0.010318,                   0,             0.79568,             0.88889,             0.86464,             0.41683,            0.038498,           0.0057459,                   0,             0.00868,             0.00868,             0.00868
                  42,            0.032342,            0.010842,                   0,             0.76546,             0.74074,              0.8627,             0.51057,             0.03829,           0.0055027,                   0,            0.008647,            0.008647,            0.008647
                  43,            0.030532,           0.0095891,                   0,             0.77448,              0.8904,             0.92712,             0.54963,            0.040457,           0.0053349,                   0,            0.008614,            0.008614,            0.008614
                  44,            0.033988,           0.0097527,                   0,             0.87611,             0.92593,             0.96126,             0.62683,            0.030366,           0.0057669,                   0,            0.008581,            0.008581,            0.008581
                  45,            0.029286,            0.013693,                   0,             0.99795,             0.96296,               0.983,             0.58129,            0.033811,           0.0055456,                   0,            0.008548,            0.008548,            0.008548
                  46,            0.031467,            0.010931,                   0,             0.96066,             0.92593,             0.96488,             0.48027,             0.04014,           0.0054293,                   0,            0.008515,            0.008515,            0.008515
                  47,            0.032773,           0.0097607,                   0,             0.95109,             0.88889,             0.97422,             0.55059,             0.03047,           0.0055685,                   0,            0.008482,            0.008482,            0.008482
                  48,             0.02779,           0.0080848,                   0,             0.99874,             0.96296,             0.98882,             0.60717,            0.034141,           0.0054111,                   0,            0.008449,            0.008449,            0.008449
                  49,            0.031767,            0.010844,                   0,             0.92468,             0.96296,             0.97464,             0.49229,            0.035658,           0.0051994,                   0,            0.008416,            0.008416,            0.008416
                  50,            0.030919,           0.0086218,                   0,             0.60977,             0.88889,             0.72371,             0.39123,            0.037597,           0.0050621,                   0,            0.008383,            0.008383,            0.008383
                  51,            0.030932,           0.0090488,                   0,              0.9974,             0.96296,             0.98577,             0.65234,            0.032581,           0.0049925,                   0,             0.00835,             0.00835,             0.00835
                  52,            0.038239,           0.0094804,                   0,             0.99028,             0.96296,             0.98955,             0.67946,            0.031036,            0.004962,                   0,            0.008317,            0.008317,            0.008317
                  53,            0.032338,           0.0080806,                   0,             0.96014,             0.88889,             0.97652,             0.63066,             0.03651,           0.0048294,                   0,            0.008284,            0.008284,            0.008284
                  54,            0.025873,           0.0078594,                   0,             0.98861,             0.96296,             0.98955,             0.71135,             0.02977,            0.004775,                   0,            0.008251,            0.008251,            0.008251
                  55,            0.029166,           0.0073261,                   0,             0.92267,             0.96296,             0.98592,             0.66377,             0.02783,           0.0048265,                   0,            0.008218,            0.008218,            0.008218
                  56,            0.026388,           0.0071837,                   0,                   1,             0.99495,               0.995,             0.60948,            0.031337,           0.0045319,                   0,            0.008185,            0.008185,            0.008185
                  57,            0.032069,           0.0084107,                   0,             0.92512,             0.96296,             0.96941,             0.56022,            0.033042,           0.0047245,                   0,            0.008152,            0.008152,            0.008152
                  58,            0.029841,           0.0077201,                   0,              0.9199,             0.96296,               0.975,             0.62821,            0.037178,           0.0046816,                   0,            0.008119,            0.008119,            0.008119
                  59,            0.030752,           0.0093761,                   0,             0.92158,             0.96296,             0.98558,             0.71938,            0.029575,           0.0047255,                   0,            0.008086,            0.008086,            0.008086
                  60,            0.030921,            0.010582,                   0,                   1,             0.99752,               0.995,             0.71052,            0.027702,           0.0045223,                   0,            0.008053,            0.008053,            0.008053
                  61,            0.031896,            0.008511,                   0,             0.92565,             0.92232,             0.95221,             0.62646,            0.039048,           0.0044956,                   0,             0.00802,             0.00802,             0.00802
                  62,            0.028889,           0.0070223,                   0,              0.8647,             0.94715,             0.96895,             0.65245,            0.030672,           0.0045023,                   0,            0.007987,            0.007987,            0.007987
                  63,            0.030795,            0.009328,                   0,             0.99725,                   1,               0.995,              0.6998,            0.028459,           0.0042915,                   0,            0.007954,            0.007954,            0.007954
                  64,            0.025339,           0.0063456,                   0,             0.99506,                   1,               0.995,             0.59809,            0.027591,           0.0041895,                   0,            0.007921,            0.007921,            0.007921
                  65,            0.031282,            0.006306,                   0,             0.99781,                   1,               0.995,             0.66389,            0.033499,           0.0042114,                   0,            0.007888,            0.007888,            0.007888
                  66,            0.029755,           0.0084651,                   0,             0.96398,             0.99157,             0.99107,             0.60153,            0.029583,           0.0041685,                   0,            0.007855,            0.007855,            0.007855
                  67,             0.02802,            0.006451,                   0,             0.96087,                   1,              0.9925,             0.67412,            0.029447,           0.0041513,                   0,            0.007822,            0.007822,            0.007822
                  68,            0.027425,            0.008893,                   0,             0.99761,                   1,               0.995,             0.70615,            0.024178,           0.0041552,                   0,            0.007789,            0.007789,            0.007789
                  69,            0.023857,           0.0059319,                   0,             0.95825,                   1,             0.99393,             0.67427,            0.030085,           0.0040922,                   0,            0.007756,            0.007756,            0.007756
                  70,            0.027169,           0.0063515,                   0,                   1,             0.99994,               0.995,             0.67613,            0.031655,           0.0040865,                   0,            0.007723,            0.007723,            0.007723
                  71,            0.026402,           0.0064605,                   0,             0.99828,                   1,               0.995,             0.64071,            0.029629,           0.0041704,                   0,             0.00769,             0.00769,             0.00769
                  72,            0.030849,           0.0073299,                   0,             0.99651,                   1,               0.995,             0.71767,             0.02528,           0.0041132,                   0,            0.007657,            0.007657,            0.007657
                  73,            0.026602,            0.006754,                   0,             0.99527,                   1,               0.995,             0.51205,            0.034608,           0.0041685,                   0,            0.007624,            0.007624,            0.007624
                  74,            0.029216,            0.006111,                   0,              0.9945,                   1,               0.995,             0.63759,            0.031559,           0.0042181,                   0,            0.007591,            0.007591,            0.007591
                  75,            0.026771,           0.0061952,                   0,             0.99368,                   1,               0.995,             0.67533,            0.028368,           0.0041151,                   0,            0.007558,            0.007558,            0.007558
                  76,            0.024568,           0.0056211,                   0,             0.99493,                   1,               0.995,             0.71463,            0.025907,           0.0039644,                   0,            0.007525,            0.007525,            0.007525
                  77,            0.027051,            0.008332,                   0,             0.99215,                   1,               0.995,             0.58823,            0.035452,           0.0040255,                   0,            0.007492,            0.007492,            0.007492
                  78,            0.021446,           0.0052906,                   0,             0.92647,                   1,             0.98461,             0.64213,            0.028153,           0.0039988,                   0,            0.007459,            0.007459,            0.007459
                  79,            0.024415,           0.0055883,                   0,                   1,             0.99402,               0.995,             0.70488,            0.025955,           0.0040493,                   0,            0.007426,            0.007426,            0.007426
                  80,            0.027313,           0.0068796,                   0,             0.99752,                   1,               0.995,             0.70399,            0.024539,           0.0040255,                   0,            0.007393,            0.007393,            0.007393
                  81,            0.025185,           0.0058158,                   0,             0.99935,                   1,               0.995,             0.68554,            0.026837,           0.0039845,                   0,             0.00736,             0.00736,             0.00736
                  82,            0.026079,           0.0065404,                   0,             0.95431,                   1,             0.98857,             0.69789,            0.028727,           0.0038977,                   0,            0.007327,            0.007327,            0.007327
                  83,            0.022237,           0.0046947,                   0,             0.99621,                   1,               0.995,             0.66536,            0.028747,           0.0039387,                   0,            0.007294,            0.007294,            0.007294
                  84,            0.026793,           0.0063754,                   0,             0.99768,                   1,               0.995,             0.71907,            0.025304,           0.0040178,                   0,            0.007261,            0.007261,            0.007261
                  85,            0.025469,            0.007594,                   0,             0.99727,                   1,               0.995,             0.68878,            0.028579,           0.0038557,                   0,            0.007228,            0.007228,            0.007228
                  86,            0.026333,           0.0060473,                   0,             0.99815,                   1,               0.995,             0.72229,            0.025629,            0.003891,                   0,            0.007195,            0.007195,            0.007195
                  87,            0.023755,           0.0074444,                   0,             0.99807,                   1,               0.995,             0.73074,            0.024191,           0.0039263,                   0,            0.007162,            0.007162,            0.007162
                  88,             0.02773,           0.0066777,                   0,             0.99862,                   1,               0.995,              0.7123,            0.024875,           0.0039597,                   0,            0.007129,            0.007129,            0.007129
                  89,            0.024082,           0.0060254,                   0,             0.99655,                   1,               0.995,             0.70841,            0.028177,           0.0039711,                   0,            0.007096,            0.007096,            0.007096
                  90,            0.023714,           0.0059538,                   0,             0.98991,                   1,               0.995,             0.66606,            0.025744,           0.0039873,                   0,            0.007063,            0.007063,            0.007063
                  91,            0.024969,           0.0063482,                   0,             0.99631,                   1,               0.995,              0.6788,            0.024583,           0.0039673,                   0,             0.00703,             0.00703,             0.00703
                  92,            0.023431,           0.0058568,                   0,             0.99553,                   1,               0.995,             0.72389,            0.024596,           0.0039158,                   0,            0.006997,            0.006997,            0.006997
                  93,            0.027134,           0.0061847,                   0,             0.99729,                   1,               0.995,             0.66614,            0.026326,           0.0039864,                   0,            0.006964,            0.006964,            0.006964
                  94,            0.022956,           0.0071936,                   0,              0.9971,                   1,               0.995,             0.67247,            0.028802,           0.0039263,                   0,            0.006931,            0.006931,            0.006931
                  95,            0.022314,           0.0058757,                   0,                   1,             0.99795,               0.995,             0.70801,            0.028541,            0.003911,                   0,            0.006898,            0.006898,            0.006898
                  96,            0.027748,           0.0063873,                   0,             0.99649,                   1,               0.995,             0.71924,            0.024537,            0.003808,                   0,            0.006865,            0.006865,            0.006865
                  97,            0.023861,           0.0059065,                   0,               0.998,                   1,               0.995,             0.66015,            0.030966,           0.0038738,                   0,            0.006832,            0.006832,            0.006832
                  98,            0.025196,           0.0056234,                   0,             0.99588,                   1,               0.995,             0.66477,             0.02941,           0.0038319,                   0,            0.006799,            0.006799,            0.006799
                  99,            0.022402,           0.0049659,                   0,             0.99743,                   1,               0.995,             0.68784,            0.023462,             0.00389,                   0,            0.006766,            0.006766,            0.006766
                 100,            0.023202,           0.0053767,                   0,                   1,             0.99889,               0.995,             0.70597,            0.024015,           0.0039454,                   0,            0.006733,            0.006733,            0.006733
                 101,            0.017748,           0.0053407,                   0,             0.99708,                   1,               0.995,             0.61192,            0.025358,           0.0038891,                   0,              0.0067,              0.0067,              0.0067
                 102,            0.021281,           0.0075059,                   0,             0.99775,                   1,               0.995,             0.60127,            0.032127,           0.0039768,                   0,            0.006667,            0.006667,            0.006667
                 103,            0.024046,            0.005475,                   0,             0.99584,                   1,               0.995,              0.7075,             0.02183,           0.0038853,                   0,            0.006634,            0.006634,            0.006634
                 104,             0.02225,           0.0051921,                   0,             0.99434,                   1,               0.995,             0.74117,            0.024427,           0.0039196,                   0,            0.006601,            0.006601,            0.006601
                 105,            0.022499,           0.0051182,                   0,             0.99436,                   1,               0.995,             0.66984,            0.022692,           0.0040073,                   0,            0.006568,            0.006568,            0.006568
                 106,             0.01868,           0.0064294,                   0,              0.9933,                   1,               0.995,             0.65315,            0.024712,           0.0039921,                   0,            0.006535,            0.006535,            0.006535
                 107,            0.019603,           0.0056803,                   0,             0.99684,                   1,               0.995,             0.65186,            0.022841,           0.0038919,                   0,            0.006502,            0.006502,            0.006502
                 108,            0.019734,           0.0059548,                   0,             0.99791,                   1,               0.995,             0.66593,            0.025076,           0.0039377,                   0,            0.006469,            0.006469,            0.006469
                 109,            0.023096,           0.0058817,                   0,             0.99619,                   1,               0.995,             0.64206,            0.027872,           0.0040445,                   0,            0.006436,            0.006436,            0.006436
                 110,            0.021252,           0.0060681,                   0,             0.99464,                   1,               0.995,             0.65913,            0.027607,           0.0040674,                   0,            0.006403,            0.006403,            0.006403
                 111,            0.025962,            0.004604,                   0,             0.99303,                   1,               0.995,             0.67879,            0.025404,           0.0041761,                   0,             0.00637,             0.00637,             0.00637
                 112,            0.019991,           0.0056415,                   0,             0.99337,                   1,               0.995,             0.66383,            0.023501,            0.004241,                   0,            0.006337,            0.006337,            0.006337
                 113,            0.017911,           0.0048919,                   0,             0.99437,                   1,               0.995,             0.63814,            0.026138,           0.0040894,                   0,            0.006304,            0.006304,            0.006304
                 114,            0.020277,           0.0047561,                   0,             0.99514,                   1,               0.995,             0.68256,            0.024631,           0.0039787,                   0,            0.006271,            0.006271,            0.006271
                 115,            0.021734,           0.0052142,                   0,             0.99619,                   1,               0.995,             0.67976,             0.02495,           0.0038557,                   0,            0.006238,            0.006238,            0.006238
                 116,            0.023046,           0.0052181,                   0,             0.99635,                   1,               0.995,             0.71522,            0.022317,           0.0037937,                   0,            0.006205,            0.006205,            0.006205
                 117,            0.022113,           0.0056095,                   0,             0.99625,                   1,               0.995,             0.66093,            0.026948,             0.00385,                   0,            0.006172,            0.006172,            0.006172
                 118,            0.020711,           0.0047889,                   0,             0.99651,                   1,               0.995,             0.73355,            0.026076,           0.0038385,                   0,            0.006139,            0.006139,            0.006139
                 119,            0.018052,           0.0046241,                   0,             0.99597,                   1,               0.995,             0.71911,             0.02357,           0.0038996,                   0,            0.006106,            0.006106,            0.006106
                 120,            0.019463,           0.0052791,                   0,             0.99571,                   1,               0.995,             0.72923,            0.021822,           0.0038948,                   0,            0.006073,            0.006073,            0.006073
                 121,            0.021742,           0.0071526,                   0,             0.99654,                   1,               0.995,             0.69599,            0.025251,           0.0038729,                   0,             0.00604,             0.00604,             0.00604
                 122,            0.018242,           0.0056851,                   0,             0.99668,                   1,               0.995,             0.69045,            0.022134,           0.0039282,                   0,            0.006007,            0.006007,            0.006007
                 123,            0.017261,           0.0052425,                   0,             0.99557,                   1,               0.995,             0.73821,            0.021734,           0.0038633,                   0,            0.005974,            0.005974,            0.005974
                 124,             0.02101,           0.0051749,                   0,             0.99549,                   1,               0.995,             0.72815,            0.022691,             0.00385,                   0,            0.005941,            0.005941,            0.005941
                 125,            0.020777,           0.0059588,                   0,             0.99753,                   1,               0.995,             0.73723,            0.021596,           0.0038052,                   0,            0.005908,            0.005908,            0.005908
                 126,            0.015987,            0.004242,                   0,             0.99576,                   1,               0.995,             0.73811,            0.021864,           0.0038576,                   0,            0.005875,            0.005875,            0.005875
                 127,            0.016414,           0.0046109,                   0,             0.99259,                   1,               0.995,             0.73875,            0.021849,           0.0038071,                   0,            0.005842,            0.005842,            0.005842
                 128,            0.016471,           0.0042236,                   0,             0.99489,                   1,               0.995,              0.7077,             0.02317,           0.0037746,                   0,            0.005809,            0.005809,            0.005809
                 129,            0.017904,           0.0042827,                   0,             0.99641,                   1,               0.995,             0.76007,            0.023273,           0.0038319,                   0,            0.005776,            0.005776,            0.005776
                 130,            0.018377,           0.0050293,                   0,             0.99646,                   1,               0.995,             0.76044,            0.021723,           0.0037785,                   0,            0.005743,            0.005743,            0.005743
                 131,            0.021478,            0.005254,                   0,             0.99573,                   1,               0.995,             0.74358,             0.02166,           0.0038404,                   0,             0.00571,             0.00571,             0.00571
                 132,            0.018649,           0.0048242,                   0,             0.99579,                   1,               0.995,             0.70292,            0.024065,           0.0038538,                   0,            0.005677,            0.005677,            0.005677
                 133,            0.020005,           0.0060286,                   0,             0.99563,                   1,               0.995,             0.76227,            0.022717,           0.0038013,                   0,            0.005644,            0.005644,            0.005644
                 134,            0.017497,            0.004582,                   0,               0.996,                   1,               0.995,              0.7654,             0.02325,           0.0035944,                   0,            0.005611,            0.005611,            0.005611
                 135,            0.017564,           0.0044359,                   0,             0.99619,                   1,               0.995,             0.77138,            0.020732,           0.0036383,                   0,            0.005578,            0.005578,            0.005578
                 136,            0.017694,           0.0048727,                   0,              0.9964,                   1,               0.995,             0.71528,            0.023123,           0.0036554,                   0,            0.005545,            0.005545,            0.005545
                 137,            0.020906,           0.0051776,                   0,             0.99658,                   1,               0.995,             0.73637,            0.021933,           0.0036678,                   0,            0.005512,            0.005512,            0.005512
                 138,            0.015282,           0.0041565,                   0,              0.9967,                   1,               0.995,             0.76156,            0.023061,           0.0035944,                   0,            0.005479,            0.005479,            0.005479
                 139,             0.01792,           0.0058966,                   0,             0.99693,                   1,               0.995,             0.78531,            0.021315,           0.0035601,                   0,            0.005446,            0.005446,            0.005446
                 140,            0.019613,           0.0053411,                   0,              0.9968,                   1,               0.995,             0.75791,            0.021892,           0.0035887,                   0,            0.005413,            0.005413,            0.005413
                 141,            0.019088,            0.004643,                   0,             0.99668,                   1,               0.995,             0.73847,            0.023123,           0.0035858,                   0,             0.00538,             0.00538,             0.00538
                 142,            0.016329,           0.0049315,                   0,             0.99682,                   1,               0.995,             0.72394,            0.024556,           0.0036383,                   0,            0.005347,            0.005347,            0.005347
                 143,            0.021563,           0.0053903,                   0,             0.99735,                   1,               0.995,             0.72321,            0.021728,           0.0036278,                   0,            0.005314,            0.005314,            0.005314
                 144,            0.017899,           0.0053565,                   0,             0.99733,                   1,               0.995,             0.76973,            0.020475,           0.0036077,                   0,            0.005281,            0.005281,            0.005281
                 145,            0.017835,           0.0056693,                   0,             0.99746,                   1,               0.995,             0.70601,            0.023403,           0.0036249,                   0,            0.005248,            0.005248,            0.005248
                 146,            0.018932,           0.0048695,                   0,             0.99756,                   1,               0.995,             0.75937,             0.02228,           0.0035601,                   0,            0.005215,            0.005215,            0.005215
                 147,            0.018313,           0.0052965,                   0,             0.99743,                   1,               0.995,             0.73232,            0.020851,           0.0035772,                   0,            0.005182,            0.005182,            0.005182
                 148,            0.022514,           0.0065577,                   0,             0.99733,                   1,               0.995,             0.71139,            0.022336,           0.0036488,                   0,            0.005149,            0.005149,            0.005149
                 149,            0.018519,           0.0049836,                   0,             0.99714,                   1,               0.995,             0.71119,            0.021291,           0.0036716,                   0,            0.005116,            0.005116,            0.005116
                 150,            0.019167,           0.0077054,                   0,             0.99712,                   1,               0.995,             0.70562,            0.021749,           0.0037432,                   0,            0.005083,            0.005083,            0.005083
                 151,            0.018685,           0.0047929,                   0,             0.99704,                   1,               0.995,             0.75752,            0.019886,           0.0037813,                   0,             0.00505,             0.00505,             0.00505
                 152,             0.01883,           0.0053116,                   0,             0.99708,                   1,               0.995,             0.71978,            0.021697,            0.003747,                   0,            0.005017,            0.005017,            0.005017
                 153,            0.019194,           0.0049825,                   0,             0.99733,                   1,               0.995,             0.72003,            0.021778,           0.0037136,                   0,            0.004984,            0.004984,            0.004984
                 154,            0.015611,           0.0039312,                   0,             0.99727,                   1,               0.995,             0.75552,            0.020775,           0.0037241,                   0,            0.004951,            0.004951,            0.004951
                 155,            0.017406,           0.0053408,                   0,             0.99747,                   1,               0.995,             0.77847,            0.019537,           0.0036602,                   0,            0.004918,            0.004918,            0.004918
                 156,            0.017072,           0.0049084,                   0,             0.99728,                   1,               0.995,             0.76902,            0.020252,           0.0036955,                   0,            0.004885,            0.004885,            0.004885
                 157,            0.020209,           0.0055232,                   0,             0.99725,                   1,               0.995,             0.77822,            0.021246,           0.0037928,                   0,            0.004852,            0.004852,            0.004852
                 158,              0.0149,           0.0042586,                   0,             0.99718,                   1,               0.995,             0.78036,            0.020611,           0.0037699,                   0,            0.004819,            0.004819,            0.004819
                 159,            0.016656,           0.0045734,                   0,             0.99693,                   1,               0.995,              0.7799,            0.019407,           0.0037298,                   0,            0.004786,            0.004786,            0.004786
                 160,            0.017133,           0.0061762,                   0,             0.99662,                   1,               0.995,             0.75765,            0.021266,           0.0037222,                   0,            0.004753,            0.004753,            0.004753
                 161,            0.017518,           0.0043358,                   0,             0.99667,                   1,               0.995,             0.77333,            0.020768,           0.0036745,                   0,             0.00472,             0.00472,             0.00472
                 162,            0.017954,           0.0045091,                   0,             0.99625,                   1,               0.995,             0.73924,            0.021736,           0.0036402,                   0,            0.004687,            0.004687,            0.004687
                 163,            0.017343,           0.0047849,                   0,             0.99656,                   1,               0.995,             0.75089,            0.020456,           0.0036259,                   0,            0.004654,            0.004654,            0.004654
                 164,              0.0185,           0.0056454,                   0,             0.99648,                   1,               0.995,             0.79704,            0.018948,           0.0035667,                   0,            0.004621,            0.004621,            0.004621
                 165,            0.016469,           0.0043284,                   0,             0.99647,                   1,               0.995,              0.7595,              0.0208,           0.0036173,                   0,            0.004588,            0.004588,            0.004588
                 166,            0.016591,           0.0042758,                   0,             0.99665,                   1,               0.995,             0.77363,            0.020027,           0.0035539,                   0,            0.004555,            0.004555,            0.004555
                 167,            0.016467,           0.0036754,                   0,             0.99699,                   1,               0.995,             0.77163,            0.019218,           0.0036077,                   0,            0.004522,            0.004522,            0.004522
                 168,            0.016478,           0.0048214,                   0,             0.99702,                   1,               0.995,              0.7604,            0.019614,           0.0035605,                   0,            0.004489,            0.004489,            0.004489
                 169,            0.016741,           0.0038352,                   0,             0.99691,                   1,               0.995,             0.73712,             0.02098,           0.0035496,                   0,            0.004456,            0.004456,            0.004456
                 170,            0.017027,           0.0048486,                   0,             0.99654,                   1,               0.995,             0.76535,            0.018941,           0.0035434,                   0,            0.004423,            0.004423,            0.004423
                 171,             0.01608,           0.0049197,                   0,             0.99742,                   1,               0.995,             0.74445,            0.020733,           0.0036449,                   0,             0.00439,             0.00439,             0.00439
                 172,             0.01585,           0.0047956,                   0,             0.99777,                   1,               0.995,             0.75375,            0.019744,           0.0036383,                   0,            0.004357,            0.004357,            0.004357
                 173,            0.017534,           0.0050683,                   0,             0.99816,                   1,               0.995,             0.73331,            0.021967,           0.0037165,                   0,            0.004324,            0.004324,            0.004324
                 174,            0.014275,           0.0041497,                   0,             0.99814,                   1,               0.995,             0.74175,            0.021241,           0.0037355,                   0,            0.004291,            0.004291,            0.004291
                 175,            0.016842,           0.0048585,                   0,              0.9975,                   1,               0.995,             0.75782,             0.01904,           0.0036221,                   0,            0.004258,            0.004258,            0.004258
                 176,            0.014793,           0.0042717,                   0,             0.99703,                   1,               0.995,             0.75032,            0.019585,           0.0035911,                   0,            0.004225,            0.004225,            0.004225
                 177,            0.016655,           0.0042016,                   0,             0.99676,                   1,               0.995,             0.75769,            0.021249,           0.0036564,                   0,            0.004192,            0.004192,            0.004192
                 178,            0.015466,           0.0045475,                   0,             0.99666,                   1,               0.995,             0.77951,             0.01883,           0.0035911,                   0,            0.004159,            0.004159,            0.004159
                 179,            0.016513,           0.0042945,                   0,             0.99674,                   1,               0.995,             0.76768,            0.018034,            0.003602,                   0,            0.004126,            0.004126,            0.004126
                 180,            0.016527,           0.0052687,                   0,             0.99695,                   1,               0.995,             0.75057,            0.019404,           0.0036359,                   0,            0.004093,            0.004093,            0.004093
                 181,            0.013974,           0.0045287,                   0,             0.99716,                   1,               0.995,              0.7494,            0.019773,           0.0035858,                   0,             0.00406,             0.00406,             0.00406
                 182,            0.015566,           0.0043201,                   0,             0.99738,                   1,               0.995,             0.73635,             0.02078,           0.0036249,                   0,            0.004027,            0.004027,            0.004027
                 183,            0.014135,           0.0044854,                   0,             0.99748,                   1,               0.995,             0.78086,            0.018584,           0.0036125,                   0,            0.003994,            0.003994,            0.003994
                 184,            0.015168,           0.0052349,                   0,             0.99744,                   1,               0.995,             0.73119,            0.019091,           0.0036325,                   0,            0.003961,            0.003961,            0.003961
                 185,            0.018856,           0.0044798,                   0,             0.99746,                   1,               0.995,             0.75942,            0.018952,           0.0037012,                   0,            0.003928,            0.003928,            0.003928
                 186,            0.016411,           0.0045897,                   0,             0.99737,                   1,               0.995,             0.76503,            0.019339,           0.0037861,                   0,            0.003895,            0.003895,            0.003895
                 187,            0.014521,           0.0039325,                   0,             0.99732,                   1,               0.995,              0.7604,            0.018838,           0.0038176,                   0,            0.003862,            0.003862,            0.003862
                 188,            0.012609,            0.003584,                   0,             0.99735,                   1,               0.995,             0.74681,            0.019694,           0.0038157,                   0,            0.003829,            0.003829,            0.003829
                 189,            0.014906,           0.0051643,                   0,             0.99744,                   1,               0.995,             0.76728,            0.018704,           0.0038204,                   0,            0.003796,            0.003796,            0.003796
                 190,            0.013069,           0.0038503,                   0,             0.99741,                   1,               0.995,             0.76655,            0.018554,           0.0037661,                   0,            0.003763,            0.003763,            0.003763
                 191,            0.013052,           0.0045512,                   0,             0.99751,                   1,               0.995,             0.76626,            0.017576,           0.0036688,                   0,             0.00373,             0.00373,             0.00373
                 192,             0.01572,           0.0058198,                   0,             0.99758,                   1,               0.995,             0.77687,            0.018234,           0.0036058,                   0,            0.003697,            0.003697,            0.003697
                 193,            0.013965,           0.0043463,                   0,             0.99766,                   1,               0.995,              0.7697,            0.018882,           0.0034924,                   0,            0.003664,            0.003664,            0.003664
                 194,            0.016491,           0.0042923,                   0,             0.99772,                   1,               0.995,             0.76786,            0.020633,           0.0034575,                   0,            0.003631,            0.003631,            0.003631
                 195,            0.015438,           0.0056252,                   0,             0.99785,                   1,               0.995,             0.79165,              0.0171,           0.0033817,                   0,            0.003598,            0.003598,            0.003598
                 196,            0.015413,           0.0051915,                   0,             0.99784,                   1,               0.995,             0.78626,            0.017483,           0.0034275,                   0,            0.003565,            0.003565,            0.003565
                 197,            0.013022,           0.0042499,                   0,             0.99793,                   1,               0.995,             0.79175,            0.018905,           0.0034275,                   0,            0.003532,            0.003532,            0.003532
                 198,            0.013059,           0.0040463,                   0,             0.99785,                   1,               0.995,             0.80439,            0.017647,           0.0033998,                   0,            0.003499,            0.003499,            0.003499
                 199,            0.012634,           0.0038429,                   0,             0.99784,                   1,               0.995,             0.80383,            0.017678,           0.0034027,                   0,            0.003466,            0.003466,            0.003466
                 200,            0.014873,            0.005216,                   0,              0.9978,                   1,               0.995,             0.78643,            0.018132,           0.0034094,                   0,            0.003433,            0.003433,            0.003433
                 201,            0.015035,           0.0046599,                   0,             0.99783,                   1,               0.995,             0.76789,            0.018686,           0.0034304,                   0,              0.0034,              0.0034,              0.0034
                 202,            0.011798,           0.0043864,                   0,              0.9978,                   1,               0.995,              0.7596,            0.017556,           0.0034266,                   0,            0.003367,            0.003367,            0.003367
                 203,            0.013317,           0.0038507,                   0,             0.99777,                   1,               0.995,             0.79725,            0.017114,           0.0033612,                   0,            0.003334,            0.003334,            0.003334
                 204,            0.013524,           0.0045927,                   0,              0.9979,                   1,               0.995,             0.79592,            0.017532,           0.0033712,                   0,            0.003301,            0.003301,            0.003301
                 205,             0.01449,           0.0054705,                   0,             0.99771,                   1,               0.995,             0.79928,            0.018431,           0.0033827,                   0,            0.003268,            0.003268,            0.003268
                 206,            0.012157,           0.0038143,                   0,             0.99766,                   1,               0.995,              0.7678,            0.016993,           0.0033331,                   0,            0.003235,            0.003235,            0.003235
                 207,            0.012713,           0.0039259,                   0,             0.99755,                   1,               0.995,             0.77179,            0.016146,           0.0033164,                   0,            0.003202,            0.003202,            0.003202
                 208,             0.01329,           0.0039499,                   0,             0.99742,                   1,               0.995,             0.78299,            0.017328,           0.0033388,                   0,            0.003169,            0.003169,            0.003169
                 209,             0.01439,           0.0049787,                   0,             0.99725,                   1,               0.995,             0.78249,            0.017353,           0.0033674,                   0,            0.003136,            0.003136,            0.003136
                 210,            0.012135,           0.0035402,                   0,             0.99695,                   1,               0.995,             0.78158,            0.018052,           0.0034184,                   0,            0.003103,            0.003103,            0.003103
                 211,            0.012274,           0.0033336,                   0,             0.99689,                   1,               0.995,             0.78087,            0.017102,           0.0034261,                   0,             0.00307,             0.00307,             0.00307
                 212,            0.014694,           0.0058382,                   0,             0.99707,                   1,               0.995,             0.78054,            0.017274,           0.0033894,                   0,            0.003037,            0.003037,            0.003037
                 213,            0.012989,           0.0032821,                   0,             0.99742,                   1,               0.995,             0.74498,            0.018642,           0.0034037,                   0,            0.003004,            0.003004,            0.003004
                 214,            0.013871,           0.0037649,                   0,             0.99772,                   1,               0.995,             0.77297,             0.01743,           0.0033937,                   0,            0.002971,            0.002971,            0.002971
                 215,            0.013467,           0.0038176,                   0,             0.99776,                   1,               0.995,             0.78749,            0.017312,           0.0034809,                   0,            0.002938,            0.002938,            0.002938
                 216,            0.014288,            0.004884,                   0,             0.99793,                   1,               0.995,             0.78051,            0.017552,           0.0035009,                   0,            0.002905,            0.002905,            0.002905
                 217,            0.013903,           0.0037646,                   0,             0.99784,                   1,               0.995,              0.7788,            0.017363,           0.0034599,                   0,            0.002872,            0.002872,            0.002872
                 218,            0.012084,           0.0038874,                   0,             0.99785,                   1,               0.995,             0.78337,            0.018459,           0.0034666,                   0,            0.002839,            0.002839,            0.002839
                 219,            0.012562,           0.0039503,                   0,             0.99777,                   1,               0.995,             0.78663,            0.017432,           0.0034895,                   0,            0.002806,            0.002806,            0.002806
                 220,            0.013351,           0.0039232,                   0,             0.99777,                   1,               0.995,             0.78359,            0.016923,           0.0035048,                   0,            0.002773,            0.002773,            0.002773
                 221,            0.012387,           0.0041623,                   0,             0.99782,                   1,               0.995,             0.80164,            0.018873,           0.0036221,                   0,             0.00274,             0.00274,             0.00274
                 222,            0.012223,           0.0036907,                   0,             0.99779,                   1,               0.995,              0.7722,            0.017119,           0.0035982,                   0,            0.002707,            0.002707,            0.002707
                 223,             0.01147,           0.0038575,                   0,              0.9977,                   1,               0.995,             0.77984,            0.016674,           0.0036144,                   0,            0.002674,            0.002674,            0.002674
                 224,            0.012042,           0.0041997,                   0,             0.99756,                   1,               0.995,             0.78707,            0.018422,           0.0035906,                   0,            0.002641,            0.002641,            0.002641
                 225,            0.013858,           0.0041342,                   0,             0.99743,                   1,               0.995,             0.79684,            0.016378,           0.0034761,                   0,            0.002608,            0.002608,            0.002608
                 226,            0.010545,            0.003647,                   0,              0.9974,                   1,               0.995,             0.79228,            0.017393,           0.0034876,                   0,            0.002575,            0.002575,            0.002575
                 227,            0.010442,           0.0032873,                   0,             0.99742,                   1,               0.995,             0.79126,            0.016983,           0.0035229,                   0,            0.002542,            0.002542,            0.002542
                 228,            0.010772,           0.0038186,                   0,             0.99748,                   1,               0.995,             0.77855,            0.016995,           0.0035229,                   0,            0.002509,            0.002509,            0.002509
                 229,            0.012905,           0.0037164,                   0,             0.99745,                   1,               0.995,             0.78898,            0.017026,           0.0035553,                   0,            0.002476,            0.002476,            0.002476
                 230,            0.014053,           0.0039059,                   0,              0.9974,                   1,               0.995,               0.765,            0.017171,           0.0035677,                   0,            0.002443,            0.002443,            0.002443
                 231,            0.013906,           0.0038508,                   0,              0.9974,                   1,               0.995,              0.7788,            0.017367,           0.0035906,                   0,             0.00241,             0.00241,             0.00241
                 232,            0.011825,           0.0035332,                   0,             0.99745,                   1,               0.995,             0.78004,            0.017355,            0.003602,                   0,            0.002377,            0.002377,            0.002377
                 233,            0.013259,           0.0045299,                   0,             0.99737,                   1,               0.995,             0.77405,            0.017925,           0.0036049,                   0,            0.002344,            0.002344,            0.002344
                 234,            0.014432,           0.0060547,                   0,             0.99726,                   1,               0.995,             0.78437,            0.017905,            0.003582,                   0,            0.002311,            0.002311,            0.002311
                 235,             0.01139,           0.0037647,                   0,             0.99727,                   1,               0.995,             0.78694,            0.017423,           0.0035353,                   0,            0.002278,            0.002278,            0.002278
                 236,            0.010325,           0.0047027,                   0,             0.99728,                   1,               0.995,             0.78685,            0.017301,           0.0035491,                   0,            0.002245,            0.002245,            0.002245
                 237,            0.010929,           0.0040854,                   0,             0.99741,                   1,               0.995,              0.7812,            0.017584,           0.0035553,                   0,            0.002212,            0.002212,            0.002212
                 238,            0.013021,           0.0035085,                   0,             0.99757,                   1,               0.995,             0.78996,            0.018065,           0.0035415,                   0,            0.002179,            0.002179,            0.002179
                 239,             0.01151,           0.0045913,                   0,              0.9977,                   1,               0.995,             0.79032,            0.016998,           0.0034857,                   0,            0.002146,            0.002146,            0.002146
                 240,            0.011075,           0.0050984,                   0,             0.99778,                   1,               0.995,             0.79866,            0.016473,           0.0034366,                   0,            0.002113,            0.002113,            0.002113
                 241,            0.011369,           0.0044833,                   0,             0.99775,                   1,               0.995,             0.79104,            0.016752,           0.0033946,                   0,             0.00208,             0.00208,             0.00208
                 242,             0.01145,           0.0040536,                   0,             0.99762,                   1,               0.995,              0.7891,            0.017106,           0.0033898,                   0,            0.002047,            0.002047,            0.002047
                 243,            0.012401,           0.0047682,                   0,             0.99762,                   1,               0.995,             0.80022,            0.016472,           0.0033774,                   0,            0.002014,            0.002014,            0.002014
                 244,           0.0089559,           0.0032121,                   0,             0.99766,                   1,               0.995,             0.79012,            0.017215,           0.0034261,                   0,            0.001981,            0.001981,            0.001981
                 245,            0.012764,           0.0043678,                   0,             0.99777,                   1,               0.995,             0.79748,            0.016593,           0.0034332,                   0,            0.001948,            0.001948,            0.001948
                 246,            0.010368,           0.0035467,                   0,             0.99777,                   1,               0.995,             0.79068,            0.017398,           0.0034871,                   0,            0.001915,            0.001915,            0.001915
                 247,            0.011387,           0.0036251,                   0,             0.99785,                   1,               0.995,             0.79937,             0.01666,           0.0034428,                   0,            0.001882,            0.001882,            0.001882
                 248,           0.0097486,           0.0040868,                   0,             0.99792,                   1,               0.995,             0.79924,            0.017198,           0.0034728,                   0,            0.001849,            0.001849,            0.001849
                 249,            0.010996,           0.0036112,                   0,             0.99787,                   1,               0.995,             0.80229,            0.017545,           0.0034761,                   0,            0.001816,            0.001816,            0.001816
                 250,            0.011651,           0.0042271,                   0,             0.99782,                   1,               0.995,              0.7792,            0.016932,           0.0034533,                   0,            0.001783,            0.001783,            0.001783
                 251,            0.010724,            0.003508,                   0,             0.99786,                   1,               0.995,              0.7758,             0.01747,           0.0034904,                   0,             0.00175,             0.00175,             0.00175
                 252,            0.010866,           0.0038424,                   0,             0.99785,                   1,               0.995,             0.77229,              0.0172,            0.003479,                   0,            0.001717,            0.001717,            0.001717
                 253,           0.0098828,           0.0036507,                   0,             0.99779,                   1,               0.995,             0.77016,            0.017356,           0.0035276,                   0,            0.001684,            0.001684,            0.001684
                 254,            0.010293,           0.0037204,                   0,             0.99779,                   1,               0.995,             0.76942,            0.016853,           0.0035067,                   0,            0.001651,            0.001651,            0.001651
                 255,           0.0095744,           0.0033831,                   0,             0.99781,                   1,               0.995,             0.77695,            0.016987,           0.0034857,                   0,            0.001618,            0.001618,            0.001618
                 256,            0.011115,           0.0043177,                   0,             0.99785,                   1,               0.995,             0.76871,            0.016802,           0.0034657,                   0,            0.001585,            0.001585,            0.001585
                 257,            0.010067,           0.0037788,                   0,              0.9978,                   1,               0.995,             0.77899,            0.016852,           0.0034781,                   0,            0.001552,            0.001552,            0.001552
                 258,            0.011934,           0.0034866,                   0,             0.99782,                   1,               0.995,             0.78596,            0.017098,           0.0034857,                   0,            0.001519,            0.001519,            0.001519
                 259,             0.01016,           0.0035407,                   0,             0.99774,                   1,               0.995,             0.77608,            0.016602,            0.003458,                   0,            0.001486,            0.001486,            0.001486
                 260,            0.011501,           0.0047693,                   0,             0.99781,                   1,               0.995,              0.7945,            0.017082,           0.0034661,                   0,            0.001453,            0.001453,            0.001453
                 261,           0.0094308,           0.0025406,                   0,             0.99779,                   1,               0.995,             0.78267,            0.016655,           0.0034299,                   0,             0.00142,             0.00142,             0.00142
                 262,             0.01136,           0.0047746,                   0,             0.99781,                   1,               0.995,             0.78204,            0.016853,           0.0034513,                   0,            0.001387,            0.001387,            0.001387
                 263,            0.010847,           0.0047076,                   0,             0.99785,                   1,               0.995,             0.78196,            0.016965,           0.0034556,                   0,            0.001354,            0.001354,            0.001354
                 264,           0.0097563,           0.0037181,                   0,             0.99784,                   1,               0.995,             0.78531,            0.016767,           0.0034451,                   0,            0.001321,            0.001321,            0.001321
                 265,           0.0088381,           0.0029783,                   0,             0.99778,                   1,               0.995,             0.79704,            0.016731,           0.0034518,                   0,            0.001288,            0.001288,            0.001288
                 266,           0.0098349,           0.0037282,                   0,             0.99771,                   1,               0.995,             0.78985,            0.016987,           0.0034685,                   0,            0.001255,            0.001255,            0.001255
                 267,            0.010237,           0.0060251,                   0,             0.99768,                   1,               0.995,             0.79361,            0.016598,           0.0034571,                   0,            0.001222,            0.001222,            0.001222
                 268,           0.0080196,            0.003332,                   0,             0.99772,                   1,               0.995,             0.78928,            0.016817,            0.003458,                   0,            0.001189,            0.001189,            0.001189
                 269,           0.0093124,           0.0033462,                   0,             0.99772,                   1,               0.995,             0.79059,            0.017007,           0.0034571,                   0,            0.001156,            0.001156,            0.001156
                 270,           0.0098448,           0.0035696,                   0,             0.99769,                   1,               0.995,              0.7933,            0.016823,           0.0034513,                   0,            0.001123,            0.001123,            0.001123
                 271,            0.010932,           0.0036482,                   0,             0.99773,                   1,               0.995,             0.80184,            0.016799,           0.0034437,                   0,             0.00109,             0.00109,             0.00109
                 272,           0.0090485,           0.0035906,                   0,             0.99772,                   1,               0.995,             0.78897,            0.016872,           0.0034475,                   0,            0.001057,            0.001057,            0.001057
                 273,           0.0089174,           0.0029452,                   0,             0.99779,                   1,               0.995,             0.80245,             0.01666,           0.0034494,                   0,            0.001024,            0.001024,            0.001024
                 274,            0.010658,           0.0057664,                   0,             0.99776,                   1,               0.995,             0.80153,            0.016805,           0.0034442,                   0,            0.000991,            0.000991,            0.000991
                 275,           0.0082331,           0.0031933,                   0,              0.9978,                   1,               0.995,             0.80205,            0.016795,           0.0034518,                   0,            0.000958,            0.000958,            0.000958
                 276,           0.0094542,           0.0038385,                   0,             0.99782,                   1,               0.995,             0.79593,            0.016883,           0.0034566,                   0,            0.000925,            0.000925,            0.000925
                 277,           0.0093904,           0.0030403,                   0,             0.99785,                   1,               0.995,             0.80112,            0.017148,           0.0034604,                   0,            0.000892,            0.000892,            0.000892
                 278,           0.0090584,             0.00318,                   0,             0.99784,                   1,               0.995,             0.79874,            0.016386,           0.0034471,                   0,            0.000859,            0.000859,            0.000859
                 279,           0.0077778,           0.0027996,                   0,             0.99782,                   1,               0.995,             0.80504,            0.016456,           0.0034599,                   0,            0.000826,            0.000826,            0.000826
                 280,           0.0097737,           0.0039405,                   0,             0.99782,                   1,               0.995,             0.80668,            0.016419,           0.0034556,                   0,            0.000793,            0.000793,            0.000793
                 281,           0.0086156,           0.0036713,                   0,             0.99781,                   1,               0.995,             0.81036,            0.016523,           0.0034604,                   0,             0.00076,             0.00076,             0.00076
                 282,             0.01028,           0.0033537,                   0,             0.99778,                   1,               0.995,             0.79164,            0.016354,           0.0034614,                   0,            0.000727,            0.000727,            0.000727
                 283,            0.010198,           0.0048482,                   0,             0.99785,                   1,               0.995,             0.78482,            0.016319,           0.0034475,                   0,            0.000694,            0.000694,            0.000694
                 284,           0.0093033,           0.0035748,                   0,             0.99782,                   1,               0.995,             0.80078,            0.016175,           0.0034451,                   0,            0.000661,            0.000661,            0.000661
                 285,           0.0082549,           0.0032832,                   0,             0.99786,                   1,               0.995,             0.79528,            0.016091,           0.0034442,                   0,            0.000628,            0.000628,            0.000628
                 286,           0.0092668,           0.0034941,                   0,             0.99785,                   1,               0.995,             0.79407,            0.016259,           0.0034451,                   0,            0.000595,            0.000595,            0.000595
                 287,           0.0079744,            0.002808,                   0,             0.99785,                   1,               0.995,             0.80367,            0.016377,           0.0034375,                   0,            0.000562,            0.000562,            0.000562
                 288,           0.0077188,           0.0030688,                   0,             0.99784,                   1,               0.995,             0.80984,            0.016261,           0.0034256,                   0,            0.000529,            0.000529,            0.000529
                 289,           0.0095023,           0.0037474,                   0,             0.99786,                   1,               0.995,             0.80994,            0.016149,           0.0034113,                   0,            0.000496,            0.000496,            0.000496
                 290,            0.011587,            0.003636,                   0,             0.99783,                   1,               0.995,             0.79802,            0.016248,           0.0034237,                   0,            0.000463,            0.000463,            0.000463
                 291,           0.0089748,           0.0038767,                   0,             0.99787,                   1,               0.995,             0.79967,            0.016204,           0.0034242,                   0,             0.00043,             0.00043,             0.00043
                 292,            0.010077,            0.003987,                   0,             0.99786,                   1,               0.995,              0.7936,            0.016191,           0.0034251,                   0,            0.000397,            0.000397,            0.000397
                 293,           0.0097841,           0.0039623,                   0,             0.99787,                   1,               0.995,             0.80608,            0.016127,           0.0034275,                   0,            0.000364,            0.000364,            0.000364
                 294,           0.0077562,           0.0029728,                   0,              0.9979,                   1,               0.995,             0.80934,            0.016115,            0.003417,                   0,            0.000331,            0.000331,            0.000331
                 295,           0.0074418,           0.0031001,                   0,             0.99791,                   1,               0.995,             0.80172,            0.016158,           0.0034184,                   0,            0.000298,            0.000298,            0.000298
                 296,           0.0099148,           0.0034304,                   0,              0.9979,                   1,               0.995,             0.80155,            0.016141,           0.0034184,                   0,            0.000265,            0.000265,            0.000265
                 297,           0.0096087,           0.0036112,                   0,             0.99788,                   1,               0.995,              0.8006,            0.016068,           0.0034084,                   0,            0.000232,            0.000232,            0.000232
                 298,             0.01175,           0.0033639,                   0,             0.99788,                   1,               0.995,             0.80044,            0.015993,           0.0034084,                   0,            0.000199,            0.000199,            0.000199
                 299,           0.0094563,           0.0046838,                   0,             0.99788,                   1,               0.995,             0.80054,            0.015897,            0.003406,                   0,            0.000166,            0.000166,            0.000166
